proposal,reserved,model_started,returned_source,source_sha256,parent_archive_id,parent_source_sha256,validation,policy_evaluated,outcome_recorded,result_rows,valid_rows,cost_record,final_pareto,result_location
1,True,True,True,e83ea869c836b30e649dc8ed98ac7a8310e4d601e02699addf626346db7ab16b,295522c59f2ffc26ba0de008b047d2478fb534f3953a95533984c6e2a1b38c32,295522c59f2ffc26ba0de008b047d2478fb534f3953a95533984c6e2a1b38c32,LEGAL_EXECUTED,True,True,48,48,TOKEN_AND_EVALUATION_RECEIPTS,False,receipts.json#/proposals/0
2,True,True,True,4c007df94f3e7872e159e42a9bd06ca5fc4f98ab10fa7be245a74746a766cef5,11119cb9-e63f-44a9-b69d-36dd413adf99,e83ea869c836b30e649dc8ed98ac7a8310e4d601e02699addf626346db7ab16b,LEGAL_EXECUTED,True,True,48,48,TOKEN_AND_EVALUATION_RECEIPTS,False,receipts.json#/proposals/1
3,True,True,True,15f28698f68660a6fecc9b70221615b2eed92f5296c8d9d03acb9b67c531e560,dc6a2a3916d4cdd07052d25f3f23589d44bb70e48b7419d22fcb3e2bc22c612d,dc6a2a3916d4cdd07052d25f3f23589d44bb70e48b7419d22fcb3e2bc22c612d,LEGAL_EXECUTED,True,True,48,48,TOKEN_AND_EVALUATION_RECEIPTS,False,receipts.json#/proposals/2
4,True,True,True,4eea4cbf60691580bb24490ed59d8c1291ab0b0d5e3185e83870d021f9f1a9b9,a9abd2cd-6ec0-44a2-b762-1b743a4daebb,4c007df94f3e7872e159e42a9bd06ca5fc4f98ab10fa7be245a74746a766cef5,LEGAL_EXECUTED,True,True,48,48,TOKEN_AND_EVALUATION_RECEIPTS,False,receipts.json#/proposals/3
5,True,True,True,9a95e2f920e93a7b9512596fee5d807d8ad5701447ab0367ed4e9f6eed740638,2835bb7b-81c3-4ae1-99c1-5fa45186e9da,15f28698f68660a6fecc9b70221615b2eed92f5296c8d9d03acb9b67c531e560,LEGAL_EXECUTED,True,True,48,48,TOKEN_AND_EVALUATION_RECEIPTS,False,receipts.json#/proposals/4
6,True,True,True,6eaddab94bded95d0160b599c5bd7bf7b0e28581f97e8233b4d074d769e915de,a9abd2cd-6ec0-44a2-b762-1b743a4daebb,4c007df94f3e7872e159e42a9bd06ca5fc4f98ab10fa7be245a74746a766cef5,LEGAL_EXECUTED,True,True,48,48,TOKEN_AND_EVALUATION_RECEIPTS,False,receipts.json#/proposals/5
7,True,True,True,5d10dfbe9dd93b1c42994f87d800f6aa975321f8c3aa7b7fe057d7fb4ee238f4,ae22a3c7-1389-417a-97b2-f984149076f1,9a95e2f920e93a7b9512596fee5d807d8ad5701447ab0367ed4e9f6eed740638,LEGAL_EXECUTED,True,True,48,48,TOKEN_AND_EVALUATION_RECEIPTS,False,receipts.json#/proposals/6
8,True,True,True,d1ebb7727e5dcb0561de3f4474399a2c39bea7cbdce01381a62e1bddc945b5a5,11119cb9-e63f-44a9-b69d-36dd413adf99,e83ea869c836b30e649dc8ed98ac7a8310e4d601e02699addf626346db7ab16b,LEGAL_EXECUTED,True,True,48,48,TOKEN_AND_EVALUATION_RECEIPTS,False,receipts.json#/proposals/7
9,True,True,True,98150c0e63f24ba568334b2f28869151409ad9e6bca2ace8ed4e3ff7078b87a0,ae22a3c7-1389-417a-97b2-f984149076f1,9a95e2f920e93a7b9512596fee5d807d8ad5701447ab0367ed4e9f6eed740638,LEGAL_EXECUTED,True,True,48,48,TOKEN_AND_EVALUATION_RECEIPTS,False,receipts.json#/proposals/8
10,True,True,True,710992c141855145c631708f172913b7cb431f6cd854f2705e9d379dbb53aaee,43571ab0-ae5d-43b6-8ace-66b039ea1742,d1ebb7727e5dcb0561de3f4474399a2c39bea7cbdce01381a62e1bddc945b5a5,LEGAL_EXECUTED,True,True,48,48,TOKEN_AND_EVALUATION_RECEIPTS,False,receipts.json#/proposals/9
11,True,True,True,77fac3732b13c54e9abeff56a43869c49b799c92ed84622f63fd9b29704a74bd,ae22a3c7-1389-417a-97b2-f984149076f1,9a95e2f920e93a7b9512596fee5d807d8ad5701447ab0367ed4e9f6eed740638,LEGAL_EXECUTED,True,True,48,48,TOKEN_AND_EVALUATION_RECEIPTS,False,receipts.json#/proposals/10
12,True,True,True,f416976650ffbb1f8d395a1b5249e865f0c49991c83d4f007224e06cc3029b19,b07ae350f31981ef8b14fa7813d68f61edd5bd05272c947b8c14688b0049c57a,b07ae350f31981ef8b14fa7813d68f61edd5bd05272c947b8c14688b0049c57a,LEGAL_EXECUTED,True,True,48,48,TOKEN_AND_EVALUATION_RECEIPTS,True,receipts.json#/proposals/11
13,True,True,True,9f52c46292d442f6df05acfa380b7871d473d3ca6f6be1cc35ee816fb79c292c,8f4ce4d8-2f45-4638-a24f-c26e76c823c6,77fac3732b13c54e9abeff56a43869c49b799c92ed84622f63fd9b29704a74bd,LEGAL_EXECUTED,True,True,48,48,TOKEN_AND_EVALUATION_RECEIPTS,False,receipts.json#/proposals/12
14,True,True,True,009ddc53ae079268f7a10738a69185fd15f13b9dcaec127506d2997cf5a8413a,30bbeedf-224c-4524-84fb-b34a0819076d,f416976650ffbb1f8d395a1b5249e865f0c49991c83d4f007224e06cc3029b19,LEGAL_EXECUTED,True,True,48,48,TOKEN_AND_EVALUATION_RECEIPTS,True,receipts.json#/proposals/13
15,True,True,True,2b861a371e2d311117c82a479df235e3489c4f4764efb9822db5d528bd182f1e,6c555220-7ad1-42cf-8a6a-0d31065cea54,5d10dfbe9dd93b1c42994f87d800f6aa975321f8c3aa7b7fe057d7fb4ee238f4,LEGAL_EXECUTED,True,True,48,48,TOKEN_AND_EVALUATION_RECEIPTS,False,receipts.json#/proposals/14
16,True,True,True,277f9dcae5d4dfbed4b244e740f401c20dd4eb531185d1aa86d43c40e256d5c8,dc6a2a3916d4cdd07052d25f3f23589d44bb70e48b7419d22fcb3e2bc22c612d,dc6a2a3916d4cdd07052d25f3f23589d44bb70e48b7419d22fcb3e2bc22c612d,LEGAL_EXECUTED,True,True,48,48,TOKEN_AND_EVALUATION_RECEIPTS,False,receipts.json#/proposals/15
17,True,True,True,c8a09b3ef08ad2d692a4a6803987081795c8557a22242264ed324f226b9f09f9,8f4ce4d8-2f45-4638-a24f-c26e76c823c6,77fac3732b13c54e9abeff56a43869c49b799c92ed84622f63fd9b29704a74bd,LEGAL_EXECUTED,True,True,48,48,TOKEN_AND_EVALUATION_RECEIPTS,False,receipts.json#/proposals/16
18,True,True,True,f276498580c0a6be197303cf9df0317de5a368591d971dbeffd1c58706adfe2e,295522c59f2ffc26ba0de008b047d2478fb534f3953a95533984c6e2a1b38c32,295522c59f2ffc26ba0de008b047d2478fb534f3953a95533984c6e2a1b38c32,LEGAL_EXECUTED,True,True,48,48,TOKEN_AND_EVALUATION_RECEIPTS,False,receipts.json#/proposals/17
19,True,True,True,834acb02ebc9b242f9cfbc5fec46f603a22823312efe0efe23e38f2c0b73e6e3,c80e23dc-2c09-4593-b192-0911179e7d1a,c8a09b3ef08ad2d692a4a6803987081795c8557a22242264ed324f226b9f09f9,LEGAL_EXECUTED,True,True,48,48,TOKEN_AND_EVALUATION_RECEIPTS,False,receipts.json#/proposals/18
20,True,True,True,9b265b2f2a0e89c67e96a7826766c7ad60ebde7873a89dd403f4265ad244ceb5,dc6a2a3916d4cdd07052d25f3f23589d44bb70e48b7419d22fcb3e2bc22c612d,dc6a2a3916d4cdd07052d25f3f23589d44bb70e48b7419d22fcb3e2bc22c612d,LEGAL_EXECUTED,True,True,48,48,TOKEN_AND_EVALUATION_RECEIPTS,False,receipts.json#/proposals/19
21,True,True,True,9641299fae197e8742469c303abbedce78731a8c95de2e28b00789a90d000b52,8f4ce4d8-2f45-4638-a24f-c26e76c823c6,77fac3732b13c54e9abeff56a43869c49b799c92ed84622f63fd9b29704a74bd,LEGAL_EXECUTED,True,True,48,48,TOKEN_AND_EVALUATION_RECEIPTS,False,receipts.json#/proposals/20
22,True,True,True,cd4ed913937aefdf81fb1cadb01cb56f70d8c17a68c9863a8b8c93915e5964fc,43571ab0-ae5d-43b6-8ace-66b039ea1742,d1ebb7727e5dcb0561de3f4474399a2c39bea7cbdce01381a62e1bddc945b5a5,LEGAL_EXECUTED,True,True,48,48,TOKEN_AND_EVALUATION_RECEIPTS,True,receipts.json#/proposals/21
23,True,True,True,d5f74393c5bbc66da0278d92716e89aefa59a11311d47de8adb761081ba28d67,7113269d-f9ad-45f0-a7a1-fd7b92fff29d,9f52c46292d442f6df05acfa380b7871d473d3ca6f6be1cc35ee816fb79c292c,LEGAL_EXECUTED,True,True,48,48,TOKEN_AND_EVALUATION_RECEIPTS,False,receipts.json#/proposals/22
24,True,True,True,f4abd65e6c5e9c3869265e5afef448d810509c3ed44aac137d8ea2d060c1bcb7,c8879cef-790d-4e7c-8786-7969b020a188,4eea4cbf60691580bb24490ed59d8c1291ab0b0d5e3185e83870d021f9f1a9b9,LEGAL_EXECUTED,True,True,48,48,TOKEN_AND_EVALUATION_RECEIPTS,False,receipts.json#/proposals/23
25,True,True,True,ff4d6b50378bdb8072721270f908fe20b9d6f58d1eac2f0b5e5db1bf360872c0,396c7676-7016-4ee7-bd9a-16fb8ea75da7,9641299fae197e8742469c303abbedce78731a8c95de2e28b00789a90d000b52,LEGAL_EXECUTED,True,True,48,48,TOKEN_AND_EVALUATION_RECEIPTS,False,receipts.json#/proposals/24
26,True,True,True,558a10c1ffbaa625d3a5ba7ed75a09ba645b973086044720e69e353f818695a2,8778a125-a509-4e1f-96d2-7345bd724c20,cd4ed913937aefdf81fb1cadb01cb56f70d8c17a68c9863a8b8c93915e5964fc,LEGAL_EXECUTED,True,True,48,48,TOKEN_AND_EVALUATION_RECEIPTS,True,receipts.json#/proposals/25
27,True,True,True,7e2ea95aa36d10781d58f0b107714cbe52adb0e36867f9e5f3082ed765aaeed1,28d7d72d-2c63-4731-9d9d-cbe7580ef19d,834acb02ebc9b242f9cfbc5fec46f603a22823312efe0efe23e38f2c0b73e6e3,LEGAL_EXECUTED,True,True,48,48,TOKEN_AND_EVALUATION_RECEIPTS,False,receipts.json#/proposals/26
28,True,True,True,e955172695b7d0a8d65fb46bcf5dcab0be5e370b169af87c175905caed0cdffa,29d862e8-c4de-4b06-83b4-48eb1ea9efb8,558a10c1ffbaa625d3a5ba7ed75a09ba645b973086044720e69e353f818695a2,LEGAL_EXECUTED,True,True,48,48,TOKEN_AND_EVALUATION_RECEIPTS,False,receipts.json#/proposals/27
29,True,True,True,9bc4fcaf89cefae32f113554d3995f29903d5d614d7c587be8ae24f415cf7181,28d7d72d-2c63-4731-9d9d-cbe7580ef19d,834acb02ebc9b242f9cfbc5fec46f603a22823312efe0efe23e38f2c0b73e6e3,LEGAL_EXECUTED,True,True,48,48,TOKEN_AND_EVALUATION_RECEIPTS,False,receipts.json#/proposals/28
30,True,True,True,da9e3121e1cca3a2c6bad0ff58a1148e8230f8bc478b5e3b21834edbe3303b41,8778a125-a509-4e1f-96d2-7345bd724c20,cd4ed913937aefdf81fb1cadb01cb56f70d8c17a68c9863a8b8c93915e5964fc,LEGAL_EXECUTED,True,True,48,48,TOKEN_AND_EVALUATION_RECEIPTS,True,receipts.json#/proposals/29
31,True,True,True,0c7add48c8fd91441f41e7278e22493a6b348b5fb9513b4315d08f1370633ead,7113269d-f9ad-45f0-a7a1-fd7b92fff29d,9f52c46292d442f6df05acfa380b7871d473d3ca6f6be1cc35ee816fb79c292c,LEGAL_EXECUTED,True,True,48,48,TOKEN_AND_EVALUATION_RECEIPTS,False,receipts.json#/proposals/30
32,True,True,True,fd4e9616413003b05e161119430cbd7efaa8891a6f12b2b77d9bd01937c25c02,c8879cef-790d-4e7c-8786-7969b020a188,4eea4cbf60691580bb24490ed59d8c1291ab0b0d5e3185e83870d021f9f1a9b9,LEGAL_EXECUTED,True,True,48,48,TOKEN_AND_EVALUATION_RECEIPTS,False,receipts.json#/proposals/31
33,True,True,True,b38a0634788e8ca7f148235347e41e46c40eac955a59d84be1149bdb7b4e7c2f,820a4811-ac8e-46ae-9493-bde13d7e49c2,ff4d6b50378bdb8072721270f908fe20b9d6f58d1eac2f0b5e5db1bf360872c0,LEGAL_EXECUTED,True,True,48,48,TOKEN_AND_EVALUATION_RECEIPTS,False,receipts.json#/proposals/32
34,True,True,True,f5f761586bab08c36ec1efbad728ab49a5e79bfb9e35ce7b489971fc992baf88,cb2d69b0-7687-460a-974b-56dffab09e6d,710992c141855145c631708f172913b7cb431f6cd854f2705e9d379dbb53aaee,LEGAL_EXECUTED,True,True,48,48,TOKEN_AND_EVALUATION_RECEIPTS,False,receipts.json#/proposals/33
35,True,True,True,65e3780ace4e21c09ec9cabc3490872dbeba9b980ac737f97dae86033785966c,820a4811-ac8e-46ae-9493-bde13d7e49c2,ff4d6b50378bdb8072721270f908fe20b9d6f58d1eac2f0b5e5db1bf360872c0,LEGAL_EXECUTED,True,True,48,48,TOKEN_AND_EVALUATION_RECEIPTS,False,receipts.json#/proposals/34
36,True,True,True,719886a802b248263506cc1e806508dd9a199c3cd28da231c946d7fe1dfaf4c8,dc6a2a3916d4cdd07052d25f3f23589d44bb70e48b7419d22fcb3e2bc22c612d,dc6a2a3916d4cdd07052d25f3f23589d44bb70e48b7419d22fcb3e2bc22c612d,LEGAL_EXECUTED,True,True,48,48,TOKEN_AND_EVALUATION_RECEIPTS,True,receipts.json#/proposals/35
37,True,True,True,926ef9c5207235a170c18c4289160d5a18161d4a08d55346dc278f2f6e06caf3,8291952c-de1a-40a3-9574-99d41922340d,65e3780ace4e21c09ec9cabc3490872dbeba9b980ac737f97dae86033785966c,LEGAL_EXECUTED,True,True,48,48,TOKEN_AND_EVALUATION_RECEIPTS,False,receipts.json#/proposals/36
38,True,True,True,2b64f1b07389a3951972b7df470dff4cc502808faa30b49154a4a5f1a6e6b92b,e63f8669-1bd4-4af3-b323-11a3e1ac422e,f5f761586bab08c36ec1efbad728ab49a5e79bfb9e35ce7b489971fc992baf88,LEGAL_EXECUTED,True,True,48,48,TOKEN_AND_EVALUATION_RECEIPTS,False,receipts.json#/proposals/37
39,True,True,True,97f52d59aff60ce9b8d714233130e842da3ef1455fe1601f8d80b1e314838ebb,396c7676-7016-4ee7-bd9a-16fb8ea75da7,9641299fae197e8742469c303abbedce78731a8c95de2e28b00789a90d000b52,LEGAL_EXECUTED,True,True,48,48,TOKEN_AND_EVALUATION_RECEIPTS,False,receipts.json#/proposals/38
40,True,True,True,a28f77bba0bdd9a673f23bf3a1ec9ea6bcfffa04f971d5fb0d5b192520669107,29d862e8-c4de-4b06-83b4-48eb1ea9efb8,558a10c1ffbaa625d3a5ba7ed75a09ba645b973086044720e69e353f818695a2,LEGAL_EXECUTED,True,True,48,48,TOKEN_AND_EVALUATION_RECEIPTS,False,receipts.json#/proposals/39
41,True,True,True,12cb693e32acf06a76c1032724579e0bc9b9bd8982f01bc2f421fe84af598cd3,946fad2d-fcdb-4226-88c1-2182c72812e7,d5f74393c5bbc66da0278d92716e89aefa59a11311d47de8adb761081ba28d67,LEGAL_EXECUTED,True,True,48,48,TOKEN_AND_EVALUATION_RECEIPTS,False,receipts.json#/proposals/40
42,True,True,True,aefd732d4da35cb645cc45bf7915794896c2ffa795a61aec7d0a578bb2f240e4,cf6652bb-8ffb-47ca-b989-61854047742a,2b64f1b07389a3951972b7df470dff4cc502808faa30b49154a4a5f1a6e6b92b,LEGAL_EXECUTED,True,True,48,48,TOKEN_AND_EVALUATION_RECEIPTS,False,receipts.json#/proposals/41
43,True,True,True,ac97c0e6039cf5dd97ee906a696f3b72b6f7343c48fe064169719a91e3643b37,820a4811-ac8e-46ae-9493-bde13d7e49c2,ff4d6b50378bdb8072721270f908fe20b9d6f58d1eac2f0b5e5db1bf360872c0,LEGAL_EXECUTED,True,True,48,48,TOKEN_AND_EVALUATION_RECEIPTS,False,receipts.json#/proposals/42
44,True,True,True,43acdad5b50c749bf1e09db0d5230585e963af07516de0bae113a4ad102557fd,baf85de7-f0b5-464f-99af-9d1c4dcab3f1,a28f77bba0bdd9a673f23bf3a1ec9ea6bcfffa04f971d5fb0d5b192520669107,LEGAL_EXECUTED,True,True,48,48,TOKEN_AND_EVALUATION_RECEIPTS,True,receipts.json#/proposals/43
45,True,True,True,962e8ad0772b5e3561a9f0c951ed0859dcbf609c4b881c0730c8e83578504536,bc368921-d88f-4c9d-b172-56766fc84853,12cb693e32acf06a76c1032724579e0bc9b9bd8982f01bc2f421fe84af598cd3,STATIC_REJECTED,False,True,48,0,TOKEN_AND_EVALUATION_RECEIPTS,False,receipts.json#/proposals/44
46,True,True,True,fda79516771db55aee5b6a58684bdbf446161b8777c14f69844063ec4a622df9,19ccd997-4ad0-4ca4-9df3-3befddf25f6f,aefd732d4da35cb645cc45bf7915794896c2ffa795a61aec7d0a578bb2f240e4,LEGAL_EXECUTED,True,True,48,48,TOKEN_AND_EVALUATION_RECEIPTS,True,receipts.json#/proposals/45
47,True,True,True,ed67f3715adc7dd9de3c150352bba2cfe6d528dba095a5d46291cfbb4ea8d954,820a4811-ac8e-46ae-9493-bde13d7e49c2,ff4d6b50378bdb8072721270f908fe20b9d6f58d1eac2f0b5e5db1bf360872c0,LEGAL_EXECUTED,True,True,48,48,TOKEN_AND_EVALUATION_RECEIPTS,False,receipts.json#/proposals/46
48,True,True,True,5e0a8d3a4d8c0520d3b3f7baf9b8d67d84a3f948242ddad3bd72dfe9336defa6,0bd03fab-bdc5-4570-b5c8-d184f0200278,f4abd65e6c5e9c3869265e5afef448d810509c3ed44aac137d8ea2d060c1bcb7,LEGAL_EXECUTED,True,True,48,48,TOKEN_AND_EVALUATION_RECEIPTS,True,receipts.json#/proposals/47
49,True,True,True,4b4175f5f7abb09cefc840735245828cf4436d6cae9efbe26cd9849397b2d31f,321cc837-da17-4231-a724-e11dd24850e8,97f52d59aff60ce9b8d714233130e842da3ef1455fe1601f8d80b1e314838ebb,LEGAL_EXECUTED,True,True,48,48,TOKEN_AND_EVALUATION_RECEIPTS,False,receipts.json#/proposals/48
50,True,True,True,623ee1541281d70aa5dc02e0ab7481204edb2415e02da063a08ac3ae9228d04f,27cb2f33-a90b-476e-bfbf-8b74f8106df6,fd4e9616413003b05e161119430cbd7efaa8891a6f12b2b77d9bd01937c25c02,LEGAL_EXECUTED,True,True,48,48,TOKEN_AND_EVALUATION_RECEIPTS,True,receipts.json#/proposals/49
51,True,True,True,467726a55ec1b099aa1cf80b5aba2ca2004e824cb9bc30e44b49a1b67906d9aa,8c9bff13-80da-4779-9bf4-eb0e9aa21dd6,4b4175f5f7abb09cefc840735245828cf4436d6cae9efbe26cd9849397b2d31f,LEGAL_EXECUTED,True,True,48,48,TOKEN_AND_EVALUATION_RECEIPTS,False,receipts.json#/proposals/50
52,True,True,True,82be0780050564732e47d5402620c95bbfc8149b1964ada7d2b3d372b0dc441e,ced74d08-3d31-4b10-a37d-18f5eb8ca5ee,009ddc53ae079268f7a10738a69185fd15f13b9dcaec127506d2997cf5a8413a,LEGAL_EXECUTED,True,True,48,48,TOKEN_AND_EVALUATION_RECEIPTS,False,receipts.json#/proposals/51
53,True,True,True,fa9c5ca27604762683e91ea910bc03fe971a7692e03465e5b47dae1909ddb40b,8c9bff13-80da-4779-9bf4-eb0e9aa21dd6,4b4175f5f7abb09cefc840735245828cf4436d6cae9efbe26cd9849397b2d31f,LEGAL_EXECUTED,True,True,48,48,TOKEN_AND_EVALUATION_RECEIPTS,False,receipts.json#/proposals/52
54,True,True,True,3fc13d7a3084ea20c531e5b6022c3f813a9b2e31b2c9c3b31555ef2ec877a9f3,29d862e8-c4de-4b06-83b4-48eb1ea9efb8,558a10c1ffbaa625d3a5ba7ed75a09ba645b973086044720e69e353f818695a2,LEGAL_EXECUTED,True,True,48,48,TOKEN_AND_EVALUATION_RECEIPTS,True,receipts.json#/proposals/53
55,True,True,True,297901d5080c840a18815e58f17d644caec57674474c5183e8c41fd1bb4f6852,56129576-414c-4a5f-a001-851189b08dd5,467726a55ec1b099aa1cf80b5aba2ca2004e824cb9bc30e44b49a1b67906d9aa,LEGAL_EXECUTED,True,True,48,48,TOKEN_AND_EVALUATION_RECEIPTS,True,receipts.json#/proposals/54
56,True,True,True,dfac713cd88cbb3bc1bf041817cd3c4688056fbd64e256b25820d27e17026e6b,30bbeedf-224c-4524-84fb-b34a0819076d,f416976650ffbb1f8d395a1b5249e865f0c49991c83d4f007224e06cc3029b19,LEGAL_EXECUTED,True,True,48,48,TOKEN_AND_EVALUATION_RECEIPTS,True,receipts.json#/proposals/55
57,True,True,True,0dc87e56d7e75c9c9eef03874ad0079c168ab9bb81a1d7c2156303555d7684ba,bc368921-d88f-4c9d-b172-56766fc84853,12cb693e32acf06a76c1032724579e0bc9b9bd8982f01bc2f421fe84af598cd3,LEGAL_EXECUTED,True,True,48,48,TOKEN_AND_EVALUATION_RECEIPTS,True,receipts.json#/proposals/56
58,True,True,True,146f0466a5a946a526d4a134149e35fa02f902f16821afe1b24dd299bdd5f83b,cf6652bb-8ffb-47ca-b989-61854047742a,2b64f1b07389a3951972b7df470dff4cc502808faa30b49154a4a5f1a6e6b92b,LEGAL_EXECUTED,True,True,48,48,TOKEN_AND_EVALUATION_RECEIPTS,False,receipts.json#/proposals/57
59,True,True,True,254134a28ddd761068bf8b9fd712abd431b37f367098ff51c0241e118fe45f6f,7113269d-f9ad-45f0-a7a1-fd7b92fff29d,9f52c46292d442f6df05acfa380b7871d473d3ca6f6be1cc35ee816fb79c292c,LEGAL_EXECUTED,True,True,48,48,TOKEN_AND_EVALUATION_RECEIPTS,False,receipts.json#/proposals/58
60,True,True,True,464b0fcd1291794dbb969e06385cbc34ee6a83b0633e6bffcb8c99c0b414c77f,b07ae350f31981ef8b14fa7813d68f61edd5bd05272c947b8c14688b0049c57a,b07ae350f31981ef8b14fa7813d68f61edd5bd05272c947b8c14688b0049c57a,LEGAL_EXECUTED,True,True,48,48,TOKEN_AND_EVALUATION_RECEIPTS,True,receipts.json#/proposals/59
61,True,True,True,4e7fc7030a06ced14d694e6024e8f6210d428e912a19156a68c549364d547f47,56129576-414c-4a5f-a001-851189b08dd5,467726a55ec1b099aa1cf80b5aba2ca2004e824cb9bc30e44b49a1b67906d9aa,LEGAL_EXECUTED,True,True,48,48,TOKEN_AND_EVALUATION_RECEIPTS,True,receipts.json#/proposals/60
62,True,True,True,0fe5f706e9644ad187cae0fc15766e029a359aa4d13b8638286cc644a4f9ab27,3f75fc6c-9a33-4318-a9a0-1dab1f9ff89e,719886a802b248263506cc1e806508dd9a199c3cd28da231c946d7fe1dfaf4c8,LEGAL_EXECUTED,True,True,48,48,TOKEN_AND_EVALUATION_RECEIPTS,True,receipts.json#/proposals/61
63,True,True,True,870327bbedd808bdc247cdaf9f48cfa551f9f7e2d9ba4b025e5aa98e3783f8d4,de9e7402-d789-4c0c-8296-ca2bb6f3fefe,0dc87e56d7e75c9c9eef03874ad0079c168ab9bb81a1d7c2156303555d7684ba,LEGAL_EXECUTED,True,True,48,48,TOKEN_AND_EVALUATION_RECEIPTS,False,receipts.json#/proposals/62
64,True,True,True,6ee5189f84da6dd817ac55a9de8498221ed3faf7dbcaf08333dbf187fe68b7fe,ced74d08-3d31-4b10-a37d-18f5eb8ca5ee,009ddc53ae079268f7a10738a69185fd15f13b9dcaec127506d2997cf5a8413a,LEGAL_EXECUTED,True,True,48,48,TOKEN_AND_EVALUATION_RECEIPTS,True,receipts.json#/proposals/63
65,True,True,True,b7f6f4e3299cf0f8ab99a28e5c1cf2496ab4ae7b367fa5124b53955ddbba4320,56129576-414c-4a5f-a001-851189b08dd5,467726a55ec1b099aa1cf80b5aba2ca2004e824cb9bc30e44b49a1b67906d9aa,LEGAL_EXECUTED,True,True,48,48,TOKEN_AND_EVALUATION_RECEIPTS,False,receipts.json#/proposals/64
66,True,True,True,241024eedd4f435ebc2eb23acbf90aa64c7c643be8d478ae9682bd665472847f,2addcdb4-5960-4989-ae88-fc37c579fd3f,623ee1541281d70aa5dc02e0ab7481204edb2415e02da063a08ac3ae9228d04f,LEGAL_EXECUTED,True,True,48,48,TOKEN_AND_EVALUATION_RECEIPTS,True,receipts.json#/proposals/65
67,True,True,True,8a1b1d516c68211ccc05455349a07a906eb03c7a46b58479e339b4b6849d92ba,e9b21615-4bc0-4abc-9c6f-7967f9c71d13,297901d5080c840a18815e58f17d644caec57674474c5183e8c41fd1bb4f6852,LEGAL_EXECUTED,True,True,48,48,TOKEN_AND_EVALUATION_RECEIPTS,True,receipts.json#/proposals/66
68,True,True,True,7d5fe48da3b1442fe1155246c39a8a07f695dcfb8ebfe5ef190958e4f5a54e08,798bc2cb-5e5a-48ca-9bcd-5dd566e91cba,da9e3121e1cca3a2c6bad0ff58a1148e8230f8bc478b5e3b21834edbe3303b41,LEGAL_EXECUTED,True,True,48,48,TOKEN_AND_EVALUATION_RECEIPTS,True,receipts.json#/proposals/67
69,True,True,True,0b50f56928833e5a39b0cde364bf1f0ec8f6b7c033942d89711954f882283896,633eabf0-8e8b-4bb3-a284-cd67b4cf51f0,8a1b1d516c68211ccc05455349a07a906eb03c7a46b58479e339b4b6849d92ba,LEGAL_EXECUTED,True,True,48,48,TOKEN_AND_EVALUATION_RECEIPTS,True,receipts.json#/proposals/68
70,True,True,True,b7afb6ab03d7517bcf3c8276e21d226a7fe361da8c2b64815488e365aad509b8,d3bd7b86-4c57-4b6a-89a3-2eaff5164073,241024eedd4f435ebc2eb23acbf90aa64c7c643be8d478ae9682bd665472847f,LEGAL_EXECUTED,True,True,48,48,TOKEN_AND_EVALUATION_RECEIPTS,False,receipts.json#/proposals/69
71,True,True,True,5b9c3c927dfad9e10d3bcc7af6558a073020c3d0e5bf0ace24c6838a9d54ac29,bc368921-d88f-4c9d-b172-56766fc84853,12cb693e32acf06a76c1032724579e0bc9b9bd8982f01bc2f421fe84af598cd3,LEGAL_EXECUTED,True,True,48,48,TOKEN_AND_EVALUATION_RECEIPTS,False,receipts.json#/proposals/70
72,True,True,True,17e67985b388cf5252bed4556e27ccec80f03493e27f78133b2c141102123f8e,d3bd7b86-4c57-4b6a-89a3-2eaff5164073,241024eedd4f435ebc2eb23acbf90aa64c7c643be8d478ae9682bd665472847f,LEGAL_EXECUTED,True,True,48,48,TOKEN_AND_EVALUATION_RECEIPTS,False,receipts.json#/proposals/71
73,True,True,True,5541717908a4b1b4c8bf746f953349bc5f504cb8a9eaba502a214a1efc1a2ab7,946fad2d-fcdb-4226-88c1-2182c72812e7,d5f74393c5bbc66da0278d92716e89aefa59a11311d47de8adb761081ba28d67,LEGAL_EXECUTED,True,True,48,48,TOKEN_AND_EVALUATION_RECEIPTS,False,receipts.json#/proposals/72
74,True,True,True,abad58b6eeb8bf3a2be10b349067cf92a3b2b9cff01ed884a441a5a46397f241,99a0cc8b-b6b4-4542-8256-43900ae1b2a2,5e0a8d3a4d8c0520d3b3f7baf9b8d67d84a3f948242ddad3bd72dfe9336defa6,LEGAL_EXECUTED,True,True,48,48,TOKEN_AND_EVALUATION_RECEIPTS,False,receipts.json#/proposals/73
75,True,True,True,21ea30ca6ecac35ed0fc78bfbd694266f3c88e9ff991da900b0cb2ef6b1145ac,551102f9-18f8-4ad9-b54e-a7a7e4b86d4f,4e7fc7030a06ced14d694e6024e8f6210d428e912a19156a68c549364d547f47,LEGAL_EXECUTED,True,True,48,48,TOKEN_AND_EVALUATION_RECEIPTS,False,receipts.json#/proposals/74
76,True,True,True,4c12b8139f05a9ac3504b75d93735fb096745e23a81e12db44d67a20eb879992,30bbeedf-224c-4524-84fb-b34a0819076d,f416976650ffbb1f8d395a1b5249e865f0c49991c83d4f007224e06cc3029b19,LEGAL_EXECUTED,True,True,48,48,TOKEN_AND_EVALUATION_RECEIPTS,True,receipts.json#/proposals/75
77,True,True,True,80f7336f28f36b26ba9b8cc948e86fa3d23d018109297a5c8fb111e9cf72b5e8,8f4ce4d8-2f45-4638-a24f-c26e76c823c6,77fac3732b13c54e9abeff56a43869c49b799c92ed84622f63fd9b29704a74bd,LEGAL_EXECUTED,True,True,48,48,TOKEN_AND_EVALUATION_RECEIPTS,False,receipts.json#/proposals/76
78,True,True,True,8253d7a82e7ebd8a2f1a807b3ea54c5173bcb96d7f59cc61527320510b22a85f,7c06c3f9-8c34-4e83-8b15-fd419acba8c1,7d5fe48da3b1442fe1155246c39a8a07f695dcfb8ebfe5ef190958e4f5a54e08,LEGAL_EXECUTED,True,True,48,48,TOKEN_AND_EVALUATION_RECEIPTS,False,receipts.json#/proposals/77
79,True,True,True,60722f85bc02d155fbf24673db802bd3580cb374e9a5b53b017dfc2361562096,551102f9-18f8-4ad9-b54e-a7a7e4b86d4f,4e7fc7030a06ced14d694e6024e8f6210d428e912a19156a68c549364d547f47,LEGAL_EXECUTED,True,True,48,48,TOKEN_AND_EVALUATION_RECEIPTS,False,receipts.json#/proposals/78
80,True,True,True,f7e04929690a02485949affdc69ee2a3966752612ba33b7d8ae0924f9202fff6,374348d5-a382-4c53-95f2-86a24460c529,4c12b8139f05a9ac3504b75d93735fb096745e23a81e12db44d67a20eb879992,LEGAL_EXECUTED,True,True,48,48,TOKEN_AND_EVALUATION_RECEIPTS,False,receipts.json#/proposals/79
81,True,True,True,4d239d34e2ddd656b3aacee9043ff36657df141f0d119bb43d0ef85153beac80,de9e7402-d789-4c0c-8296-ca2bb6f3fefe,0dc87e56d7e75c9c9eef03874ad0079c168ab9bb81a1d7c2156303555d7684ba,LEGAL_EXECUTED,True,True,48,48,TOKEN_AND_EVALUATION_RECEIPTS,False,receipts.json#/proposals/80
82,True,True,True,d3571e3de81b83b85ba6fb0cfd39929dbddd4d311fc20936a7f5555dba6439ae,8778a125-a509-4e1f-96d2-7345bd724c20,cd4ed913937aefdf81fb1cadb01cb56f70d8c17a68c9863a8b8c93915e5964fc,LEGAL_EXECUTED,True,True,48,48,TOKEN_AND_EVALUATION_RECEIPTS,False,receipts.json#/proposals/81
83,True,True,True,64e892c16a3a5dfaf8fa5519c029acaa608c1deed33df9a618331f5359aeaf47,48d1b624-e890-4d28-8127-04cad44da9ca,0b50f56928833e5a39b0cde364bf1f0ec8f6b7c033942d89711954f882283896,LEGAL_EXECUTED,True,True,48,48,TOKEN_AND_EVALUATION_RECEIPTS,False,receipts.json#/proposals/82
84,True,True,True,c4339a4399bf2afa5ffcad3a1e03bb9d02f04ecdcaf2b60c5712e695b3965773,2addcdb4-5960-4989-ae88-fc37c579fd3f,623ee1541281d70aa5dc02e0ab7481204edb2415e02da063a08ac3ae9228d04f,LEGAL_EXECUTED,True,True,48,48,TOKEN_AND_EVALUATION_RECEIPTS,False,receipts.json#/proposals/83
85,True,True,True,899ee7cbc47ddaec226666e0f30ea4d6d7b73c3648114076ea5a70333a0154d9,56129576-414c-4a5f-a001-851189b08dd5,467726a55ec1b099aa1cf80b5aba2ca2004e824cb9bc30e44b49a1b67906d9aa,LEGAL_EXECUTED,True,True,48,48,TOKEN_AND_EVALUATION_RECEIPTS,True,receipts.json#/proposals/84
86,True,True,True,87bc454b9e60c4ec76ad67dd2d80754c095d800b2b3048ee789e0049aad6d93c,d3bd7b86-4c57-4b6a-89a3-2eaff5164073,241024eedd4f435ebc2eb23acbf90aa64c7c643be8d478ae9682bd665472847f,LEGAL_EXECUTED,True,True,48,48,TOKEN_AND_EVALUATION_RECEIPTS,False,receipts.json#/proposals/85
87,True,True,True,4e58a59443e48b5febc6f9068cb2468279988acea758ff0855e0cafa73d34adc,56129576-414c-4a5f-a001-851189b08dd5,467726a55ec1b099aa1cf80b5aba2ca2004e824cb9bc30e44b49a1b67906d9aa,LEGAL_EXECUTED,True,True,48,48,TOKEN_AND_EVALUATION_RECEIPTS,False,receipts.json#/proposals/86
88,True,True,True,ffbca6c6fb28b25f2b86ad63ef7caacc5aa4344c055e178902be76360a4d0c4b,99a0cc8b-b6b4-4542-8256-43900ae1b2a2,5e0a8d3a4d8c0520d3b3f7baf9b8d67d84a3f948242ddad3bd72dfe9336defa6,LEGAL_EXECUTED,True,True,48,48,TOKEN_AND_EVALUATION_RECEIPTS,True,receipts.json#/proposals/87
89,True,True,True,4f65bc4030789ae4934377e3d95095e4349e4eeb6a07e41fc4f537a94ab8dfc8,48d1b624-e890-4d28-8127-04cad44da9ca,0b50f56928833e5a39b0cde364bf1f0ec8f6b7c033942d89711954f882283896,LEGAL_EXECUTED,True,True,48,48,TOKEN_AND_EVALUATION_RECEIPTS,False,receipts.json#/proposals/88
90,True,True,True,d739cecebf230f8bbb390292919445fa405ce50f320174cb2c81f2cceea5982b,20a75b95-2de6-4805-90f6-752b18612c3a,c4339a4399bf2afa5ffcad3a1e03bb9d02f04ecdcaf2b60c5712e695b3965773,LEGAL_EXECUTED,True,True,48,48,TOKEN_AND_EVALUATION_RECEIPTS,True,receipts.json#/proposals/89
91,True,True,True,cddb3d787091a95f108e1dc2a8def026f6386132f9cbb493c785f7d002ea321f,633eabf0-8e8b-4bb3-a284-cd67b4cf51f0,8a1b1d516c68211ccc05455349a07a906eb03c7a46b58479e339b4b6849d92ba,LEGAL_EXECUTED,True,True,48,48,TOKEN_AND_EVALUATION_RECEIPTS,True,receipts.json#/proposals/90
92,True,True,True,f245768e19c5ab1ab71c9258104e20b13fb56a1bb091c7e8c005c850dccdbcb8,8778a125-a509-4e1f-96d2-7345bd724c20,cd4ed913937aefdf81fb1cadb01cb56f70d8c17a68c9863a8b8c93915e5964fc,LEGAL_EXECUTED,True,True,48,48,TOKEN_AND_EVALUATION_RECEIPTS,True,receipts.json#/proposals/91
93,True,True,True,5454b61135830c257c185567d1f663fa268ebfcbaf7210b2b3898701ff3a0504,23557898-3d97-4870-8633-5ef121e4b6bf,4d239d34e2ddd656b3aacee9043ff36657df141f0d119bb43d0ef85153beac80,LEGAL_EXECUTED,True,True,48,48,TOKEN_AND_EVALUATION_RECEIPTS,True,receipts.json#/proposals/92
94,True,True,True,cee0f2c614c69c4ded6636c7b071ee2886c87bbe33d83e29a7e4086d35c531e4,e63f8669-1bd4-4af3-b323-11a3e1ac422e,f5f761586bab08c36ec1efbad728ab49a5e79bfb9e35ce7b489971fc992baf88,LEGAL_EXECUTED,True,True,48,48,TOKEN_AND_EVALUATION_RECEIPTS,True,receipts.json#/proposals/93
95,True,True,True,6c2330e612f4c2000d9965bd45d666c3ca26a74473b994b5ba4c513a06bb5ed8,df85832e-5ede-45a5-a920-6398be3551bd,64e892c16a3a5dfaf8fa5519c029acaa608c1deed33df9a618331f5359aeaf47,LEGAL_EXECUTED,True,True,48,48,TOKEN_AND_EVALUATION_RECEIPTS,True,receipts.json#/proposals/94
96,True,True,False,,,,NO_RETURNED_SOURCE,False,False,0,0,MODEL_USAGE_MISSING_NO_EVALUATION,False,receipts.json#/proposals/95
97,True,True,True,886deefeb81ff674f8f4f082f976507ed8d9c48eb148687c9d88ce9e7ab9f108,e9b21615-4bc0-4abc-9c6f-7967f9c71d13,297901d5080c840a18815e58f17d644caec57674474c5183e8c41fd1bb4f6852,LEGAL_EXECUTED,True,True,48,48,TOKEN_AND_EVALUATION_RECEIPTS,True,receipts.json#/proposals/96
98,True,True,True,533a5549d5d8722f0ea43ce418c009a589c288696d906e4dd5e386945fd0fd83,ec56c34d-e25c-4aa9-94bf-df230438d271,9b265b2f2a0e89c67e96a7826766c7ad60ebde7873a89dd403f4265ad244ceb5,LEGAL_EXECUTED,True,True,48,48,TOKEN_AND_EVALUATION_RECEIPTS,True,receipts.json#/proposals/97
99,True,True,True,3de42a2014154c21ccbe0129ae8d2366af76a82c749e4d6c5f9baeef7c4f2a80,de9e7402-d789-4c0c-8296-ca2bb6f3fefe,0dc87e56d7e75c9c9eef03874ad0079c168ab9bb81a1d7c2156303555d7684ba,LEGAL_EXECUTED,True,True,48,48,TOKEN_AND_EVALUATION_RECEIPTS,True,receipts.json#/proposals/98
100,True,True,True,659038892660377b4621589bea8475fb78f568b210c89162c86923775acd5560,9be3f70d-618b-4cb4-a42b-6703ea45b867,6ee5189f84da6dd817ac55a9de8498221ed3faf7dbcaf08333dbf187fe68b7fe,LEGAL_EXECUTED,True,True,48,48,TOKEN_AND_EVALUATION_RECEIPTS,False,receipts.json#/proposals/99
101,True,True,True,acd8deaa3b24373dab00a39d976983338669e46439e3e2e0d0dd308d156ef36d,c9c8084f-947e-4c9a-8587-9f3fecd1a6bf,886deefeb81ff674f8f4f082f976507ed8d9c48eb148687c9d88ce9e7ab9f108,LEGAL_EXECUTED,True,True,48,48,TOKEN_AND_EVALUATION_RECEIPTS,False,receipts.json#/proposals/100
