index,target,start_model,method,method_cpu_seconds,logical_work,database_calls,ngk_refine_calls,outer_minimize_calls,kic,repack,minimize,mc_trials,mc_accepts,controller,observation_score_calls,safe_stop,terminal_sha256
0,T1104,AlphaFold2,P95,7.9681310000000005,4.4415183153366184,0,1,1,0,1,1,1,0,6,12,1,2d1648fff33f14da004e819ef27014ff7218097f766b8df0d829bcd4d75fe154
1,T1104,AlphaFold2,P98,8.723203,4.816064648336618,0,1,1,0,1,1,1,0,6,12,1,c4b277b9e50489a2bf140325c8c35033696be96a2292624354aaf04f4920a5d1
4,T1104,ESMFold,P95,102.43248799999999,227.94567904034008,0,1,1,334,19,353,353,167,1915,3124,1,85f7625a58905ec561ab7d0560505558e636d841932c5680e192cdadd661ad1b
5,T1104,ESMFold,P98,13.996203,17.52914115337213,0,1,1,21,1,22,22,15,122,208,1,4db5f3fee9721e348ebe726d30f8115abb3a005c8e6d7cb0aa750dd10ed1e49f
8,T1109,AlphaFold2,P95,13.015170000000001,5.016958044336618,0,1,1,0,1,1,1,0,6,12,1,32a9bcd0039bd70eda84b883e16f57289c5320bc56322cc05a76dbf0ab2eb408
9,T1109,AlphaFold2,P98,12.798062,4.842073742336619,0,1,1,0,1,1,1,0,6,12,1,d20a180f721ed23783dd73ba8e0e0ee0915cb9c1aaf5d65b1677bec62580c50f
12,T1109,ESMFold,P95,12.830309,5.080529782336618,0,1,1,0,1,1,1,1,6,12,1,335c6981cc137fda0e9719b74e5fecbdf5a44dfa62bfd7353e266560a2031318
13,T1109,ESMFold,P98,12.773199,4.860002986336618,0,1,1,0,1,1,1,1,6,12,1,d354c5f1ad6a2add37bfcd854b258d7fde06cd672ad425a7919ddad01b4766e2
16,T1123,AlphaFold2,P95,264.808877,225.76006281017064,0,1,1,332,18,349,349,173,1896,3108,1,ab3dc447529a806c142f4c7637199ce776f8afb3e343e3165f86084a1128d3f3
17,T1123,AlphaFold2,P98,25.173457,12.831029627443412,0,1,1,13,1,14,14,7,78,128,1,f718141adfe3e49a036b86d4107ec2a09b4a1c60a2b6fc15d9c5279f805f1913
20,T1123,ESMFold,P95,268.720004,449.1430323100912,0,1,1,680,38,697,697,325,3811,6198,1,f10e3815db027b5da737f4245ef16ab588fa37eeef5d4f9d6a5c09a01f1be1fd
21,T1123,ESMFold,P98,310.12620599999997,520.3301687142092,0,1,1,800,44,808,808,378,4433,7208,0,afcb8a6895b406e25a7fd55c07e61d993b86fe40f2cb728b3ea30bf4aefcd4c8
24,T1139,AlphaFold2,P95,246.329747,226.64369397511015,0,1,0,340,19,356,356,158,1936,3138,1,00555ecdebb63614560c9cc221289f69a71ea789257af4d7a08e8f80524874ff
25,T1139,AlphaFold2,P98,10.988683,2.91450210437348,0,1,0,2,1,3,3,2,17,32,1,8f49366624f14529407e0550679ba83dfb1428cd086deb033ed8fb8ed2c20c8e
28,T1139,ESMFold,P95,248.022313,245.87661129558174,0,1,1,366,21,378,378,187,2063,3378,1,6fcec15c5b5b65672aa47a2b1ad926fdb3831b1d52859a669916352bf9e1b9d7
29,T1139,ESMFold,P98,487.209102,519.6712263288192,0,1,1,800,45,809,809,329,4437,7116,0,a5c35b31ba63bb50521242f43daeaf48445744770f4af12346f0fb510ac88709
32,T1187,AlphaFold2,P95,11.240327,4.883324163336618,0,1,1,0,1,1,1,1,6,12,1,7845136897f5ed4d44cd57c8f0ebe37f72af817f23a477023696668aeff748a4
33,T1187,AlphaFold2,P98,11.464305999999999,5.0862375793366175,0,1,1,0,1,1,1,1,6,12,1,3fb2ec4c91ffd28f14fad22372f715befed1910c66f489f1dd4bf7a40e09aed8
36,T1187,ESMFold,P95,255.752252,331.9936863728822,0,1,0,504,25,527,527,200,2866,4574,1,4733ce301c623e00b1cb795509845375ce976799a47c356da4ee7e6d557fd20b
37,T1187,ESMFold,P98,428.98533999999995,584.8698076081635,0,1,1,900,46,918,918,364,5023,8040,0,46dc7689a4ff3a21f15bfce5875ecd781863700c3fd78320deaa93c8c42b3e5c
40,T1194,AlphaFold2,P95,48.159246,59.78613124404632,0,1,1,82,5,87,87,52,473,796,1,eb4eb46f00921d125454348e17e2c5375e4da90b5efe01cb643324e497133a75
41,T1194,AlphaFold2,P98,17.540106,18.158105584373327,0,1,0,27,1,28,28,18,155,264,1,0e62186f3db38b6343f1ef375373ea187309810768f41f711767a04b36a3c1e7
44,T1194,ESMFold,P95,259.439258,411.1728975763869,0,1,1,600,36,636,636,353,3445,5726,0,02e886cfb038b573328186a9efb79a4b7ee549d8cc15e3ecd20bbb3c95d9039f
45,T1194,ESMFold,P98,230.955455,359.174043912462,0,1,1,524,31,555,555,312,3008,5006,1,8c0aea05f4475494848b96f9e918e7eca0961ec3ad0a8d5b0ec882bce00d2e7e
