index,target,start_model,method,status,method_cpu_seconds,action_counts,prior_repair_cpu_seconds,cumulative_method_cpu_seconds,evaluation_cpu_seconds,evaluation_status,local_bb_rmsd_A,global_ca_rmsd_A,local_energy_REU,global_energy_REU,geometry_valid,source_evaluation_status,source_geometry_valid,source_local_bb_rmsd_A,source_global_ca_rmsd_A,source_local_energy_REU,source_global_energy_REU,delta_local_bb_rmsd_A,delta_global_ca_rmsd_A,delta_local_energy_REU,delta_global_energy_REU
0,T1104,AlphaFold2,P95,COMPLETE,7.968131,"{""minimize"": 1, ""ngk_refine"": 1}",0.000000,7.968131,2.059243,COMPLETE,0.901817,1.367850,-15.667697,-254.900008,true,COMPLETE,true,0.922945,1.369913,-10.307757,-247.920332,-0.021128,-0.002062,-5.359941,-6.979676
1,T1104,AlphaFold2,P98,COMPLETE,8.723203,"{""minimize"": 1, ""ngk_refine"": 1}",0.000000,8.723203,2.059767,COMPLETE,0.901817,1.367850,-15.667697,-254.900008,true,COMPLETE,true,0.922945,1.369913,-10.307757,-247.920332,-0.021128,-0.002062,-5.359941,-6.979676
2,T1104,AlphaFold2,native_NGK,COMPLETE,91.857356,{},0.000000,91.857356,2.053873,COMPLETE,0.938710,1.372552,-9.640207,-253.161802,true,COMPLETE,true,0.922945,1.369913,-10.307757,-247.920332,0.015766,0.002640,0.667550,-5.241470
3,T1104,AlphaFold2,short_NGK,COMPLETE,23.390692,{},0.000000,23.390692,2.056317,COMPLETE,0.927935,1.371810,-10.135268,-261.257199,true,COMPLETE,true,0.922945,1.369913,-10.307757,-247.920332,0.004990,0.001897,0.172489,-13.336867
4,T1104,ESMFold,P95,COMPLETE,102.432488,"{""minimize"": 1, ""ngk_refine"": 1}",2.142635,104.575123,2.039006,COMPLETE,2.193201,1.979031,-16.240354,1465.219512,true,COMPLETE,true,2.121560,1.975782,87.195456,1769.308046,0.071640,0.003249,-103.435811,-304.088534
5,T1104,ESMFold,P98,COMPLETE,13.996203,"{""minimize"": 1, ""ngk_refine"": 1}",2.123902,16.120105,2.044417,COMPLETE,2.181070,1.980320,-11.868074,1466.550241,true,COMPLETE,true,2.121560,1.975782,87.195456,1769.308046,0.059509,0.004538,-99.063530,-302.757805
6,T1104,ESMFold,native_NGK,COMPLETE,80.930451,{},123.756355,204.686806,2.045498,COMPLETE,2.356428,1.991086,-3.484508,1467.377585,true,COMPLETE,true,2.121560,1.975782,87.195456,1769.308046,0.234868,0.015303,-90.679965,-301.930461
7,T1104,ESMFold,short_NGK,COMPLETE,18.455722,{},28.159726,46.615448,2.039825,COMPLETE,2.535785,2.021512,21.875477,1490.048535,true,COMPLETE,true,2.121560,1.975782,87.195456,1769.308046,0.414225,0.045730,-65.319979,-279.259511
8,T1109,AlphaFold2,P95,COMPLETE,13.015170,"{""minimize"": 1, ""ngk_refine"": 1}",0.000000,13.015170,2.500152,COMPLETE,0.453684,9.809728,-29.224566,-423.060907,true,COMPLETE,true,0.422865,9.809526,-26.370332,-419.236915,0.030819,0.000202,-2.854233,-3.823992
9,T1109,AlphaFold2,P98,COMPLETE,12.798062,"{""minimize"": 1, ""ngk_refine"": 1}",0.000000,12.798062,2.495355,COMPLETE,0.453684,9.809728,-29.224566,-423.060907,true,COMPLETE,true,0.422865,9.809526,-26.370332,-419.236915,0.030819,0.000202,-2.854233,-3.823992
10,T1109,AlphaFold2,native_NGK,COMPLETE,251.426516,{},0.000000,251.426516,2.493003,COMPLETE,0.434434,9.809953,-26.443622,-428.574559,true,COMPLETE,true,0.422865,9.809526,-26.370332,-419.236915,0.011569,0.000427,-0.073289,-9.337645
11,T1109,AlphaFold2,short_NGK,COMPLETE,56.059618,{},0.000000,56.059618,2.470233,COMPLETE,0.449343,9.810511,-26.704170,-431.442805,true,COMPLETE,true,0.422865,9.809526,-26.370332,-419.236915,0.026478,0.000986,-0.333837,-12.205890
12,T1109,ESMFold,P95,COMPLETE,12.830309,"{""minimize"": 1, ""ngk_refine"": 1}",0.000000,12.830309,2.461779,COMPLETE,0.503167,9.838670,-28.393776,158.278764,true,COMPLETE,true,0.475685,9.838609,-21.829532,181.235722,0.027482,0.000061,-6.564245,-22.956958
13,T1109,ESMFold,P98,COMPLETE,12.773199,"{""minimize"": 1, ""ngk_refine"": 1}",0.000000,12.773199,2.471402,COMPLETE,0.503167,9.838670,-28.393776,158.278764,true,COMPLETE,true,0.475685,9.838609,-21.829532,181.235722,0.027482,0.000061,-6.564245,-22.956958
14,T1109,ESMFold,native_NGK,COMPLETE,268.356567,{},0.000000,268.356567,2.461133,COMPLETE,0.491354,9.838429,-25.317783,115.572109,true,COMPLETE,true,0.475685,9.838609,-21.829532,181.235722,0.015669,-0.000180,-3.488251,-65.663613
15,T1109,ESMFold,short_NGK,COMPLETE,58.558810,{},0.000000,58.558810,2.463503,COMPLETE,0.495784,9.838125,-25.334169,136.582559,true,COMPLETE,true,0.475685,9.838609,-21.829532,181.235722,0.020099,-0.000484,-3.504637,-44.653163
16,T1123,AlphaFold2,P95,COMPLETE,264.808877,"{""minimize"": 1, ""ngk_refine"": 1}",0.000000,264.808877,2.721028,COMPLETE,2.803627,4.307464,-12.922206,-16.534943,true,COMPLETE,true,2.714605,4.302893,7.285667,3.914671,0.089022,0.004570,-20.207873,-20.449614
17,T1123,AlphaFold2,P98,COMPLETE,25.173457,"{""minimize"": 1, ""ngk_refine"": 1}",0.000000,25.173457,2.718375,COMPLETE,2.827927,4.308407,-7.014284,-8.043765,true,COMPLETE,true,2.714605,4.302893,7.285667,3.914671,0.113322,0.005514,-14.299952,-11.958436
18,T1123,AlphaFold2,native_NGK,COMPLETE,334.971574,{},0.000000,334.971574,2.716577,COMPLETE,2.869982,4.308382,-7.323906,-22.606732,true,COMPLETE,true,2.714605,4.302893,7.285667,3.914671,0.155377,0.005488,-14.609574,-26.521404
19,T1123,AlphaFold2,short_NGK,COMPLETE,74.857261,{},0.000000,74.857261,2.720017,COMPLETE,2.813177,4.305392,-8.986219,-28.619268,true,COMPLETE,true,2.714605,4.302893,7.285667,3.914671,0.098572,0.002499,-16.271886,-32.533940
20,T1123,ESMFold,P95,COMPLETE,268.720004,"{""minimize"": 1, ""ngk_refine"": 1}",0.000000,268.720004,2.662702,COMPLETE,12.649408,18.231149,2.011725,5020.615194,true,COMPLETE,true,11.860179,18.251559,116.003849,5503.756596,0.789229,-0.020410,-113.992125,-483.141401
21,T1123,ESMFold,P98,COMPLETE,310.126206,"{""minimize"": 1, ""ngk_refine"": 1}",0.000000,310.126206,2.662665,COMPLETE,12.575324,18.227821,1.219559,5019.638047,true,COMPLETE,true,11.860179,18.251559,116.003849,5503.756596,0.715145,-0.023738,-114.784290,-484.118549
22,T1123,ESMFold,native_NGK,COMPLETE,75.744122,{},0.000000,75.744122,2.671114,COMPLETE,12.575324,18.227821,1.219559,5019.638047,true,COMPLETE,true,11.860179,18.251559,116.003849,5503.756596,0.715145,-0.023738,-114.784290,-484.118549
23,T1123,ESMFold,short_NGK,COMPLETE,17.541276,{},0.000000,17.541276,2.662099,COMPLETE,12.201101,18.234244,2.978825,5040.001304,true,COMPLETE,true,11.860179,18.251559,116.003849,5503.756596,0.340921,-0.017315,-113.025024,-463.755291
24,T1139,AlphaFold2,P95,COMPLETE,246.329747,"{""ngk_refine"": 1}",0.000000,246.329747,2.957658,COMPLETE,2.518208,1.424220,-3.888530,-585.611033,true,COMPLETE,true,1.589989,1.301775,1.339467,-585.529311,0.928218,0.122446,-5.227997,-0.081722
25,T1139,AlphaFold2,P98,COMPLETE,10.988683,"{""ngk_refine"": 1}",0.000000,10.988683,2.959359,COMPLETE,1.589989,1.301775,1.339467,-585.529450,true,COMPLETE,true,1.589989,1.301775,1.339467,-585.529311,0.000000,0.000000,0.000000,-0.000139
26,T1139,AlphaFold2,native_NGK,COMPLETE,237.497575,{},0.000000,237.497575,2.958158,COMPLETE,1.607829,1.297484,-4.881834,-600.142640,true,COMPLETE,true,1.589989,1.301775,1.339467,-585.529311,0.017840,-0.004291,-6.221301,-14.613329
27,T1139,AlphaFold2,short_NGK,COMPLETE,54.132496,{},0.000000,54.132496,2.958064,COMPLETE,1.544097,1.292462,-7.497991,-607.772101,true,COMPLETE,true,1.589989,1.301775,1.339467,-585.529311,-0.045892,-0.009313,-8.837458,-22.242790
28,T1139,ESMFold,P95,COMPLETE,248.022313,"{""minimize"": 1, ""ngk_refine"": 1}",0.000000,248.022313,2.928147,COMPLETE,8.218241,13.606134,-6.853118,2168.144180,true,COMPLETE,true,8.018878,13.607988,182.121562,2805.210841,0.199362,-0.001855,-188.974681,-637.066661
29,T1139,ESMFold,P98,COMPLETE,487.209102,"{""minimize"": 1, ""ngk_refine"": 1}",0.000000,487.209102,2.923281,COMPLETE,8.185480,13.605713,-3.209692,2132.891320,true,COMPLETE,true,8.018878,13.607988,182.121562,2805.210841,0.166602,-0.002275,-185.331255,-672.319521
30,T1139,ESMFold,native_NGK,COMPLETE,204.293161,{},0.000000,204.293161,2.923803,COMPLETE,8.144255,13.605732,0.016199,2138.731767,true,COMPLETE,true,8.018878,13.607988,182.121562,2805.210841,0.125377,-0.002257,-182.105363,-666.479074
31,T1139,ESMFold,short_NGK,COMPLETE,45.413230,{},0.000000,45.413230,3.015994,COMPLETE,8.103744,13.604167,-0.782405,2175.245053,true,COMPLETE,true,8.018878,13.607988,182.121562,2805.210841,0.084866,-0.003822,-182.903967,-629.965788
32,T1187,AlphaFold2,P95,COMPLETE,11.240327,"{""minimize"": 1, ""ngk_refine"": 1}",0.000000,11.240327,2.291283,COMPLETE,2.913277,1.569131,-12.558826,-313.234262,true,COMPLETE,true,3.004627,1.575381,-0.873828,-300.516482,-0.091350,-0.006251,-11.684998,-12.717780
33,T1187,AlphaFold2,P98,COMPLETE,11.464306,"{""minimize"": 1, ""ngk_refine"": 1}",0.000000,11.464306,2.281354,COMPLETE,2.913277,1.569131,-12.558826,-313.234262,true,COMPLETE,true,3.004627,1.575381,-0.873828,-300.516482,-0.091350,-0.006251,-11.684998,-12.717780
34,T1187,AlphaFold2,native_NGK,COMPLETE,242.886636,{},0.000000,242.886636,2.280527,COMPLETE,2.959977,1.554469,-9.472186,-312.986495,true,COMPLETE,true,3.004627,1.575381,-0.873828,-300.516482,-0.044649,-0.020913,-8.598358,-12.470013
35,T1187,AlphaFold2,short_NGK,COMPLETE,51.425618,{},0.000000,51.425618,2.277459,COMPLETE,4.191813,1.973415,-4.756418,-323.562354,true,COMPLETE,true,3.004627,1.575381,-0.873828,-300.516482,1.187187,0.398034,-3.882590,-23.045872
36,T1187,ESMFold,P95,COMPLETE,255.752252,"{""ngk_refine"": 1}",0.000000,255.752252,2.277325,COMPLETE,4.743414,2.026047,-2.533898,862.059756,true,COMPLETE,true,3.820188,1.733760,59.005344,1033.396073,0.923226,0.292287,-61.539242,-171.336316
37,T1187,ESMFold,P98,COMPLETE,428.985340,"{""minimize"": 1, ""ngk_refine"": 1}",0.000000,428.985340,2.310641,COMPLETE,4.781991,2.026167,-10.445370,597.544221,true,COMPLETE,true,3.820188,1.733760,59.005344,1033.396073,0.961803,0.292407,-69.450714,-435.851851
38,T1187,ESMFold,native_NGK,COMPLETE,225.505643,{},0.000000,225.505643,2.284136,COMPLETE,4.848899,2.041947,-4.960709,684.733167,true,COMPLETE,true,3.820188,1.733760,59.005344,1033.396073,1.028711,0.308186,-63.966053,-348.662905
39,T1187,ESMFold,short_NGK,COMPLETE,42.550630,{},0.000000,42.550630,2.277235,COMPLETE,4.571341,1.867818,0.576143,860.090341,true,COMPLETE,true,3.820188,1.733760,59.005344,1033.396073,0.751153,0.134058,-58.429201,-173.305732
40,T1194,AlphaFold2,P95,COMPLETE,48.159246,"{""minimize"": 1, ""ngk_refine"": 1}",0.000000,48.159246,2.253925,COMPLETE,0.937938,0.541769,-4.562149,-309.875507,true,COMPLETE,true,0.922818,0.517750,2.763646,-302.373547,0.015120,0.024019,-7.325795,-7.501960
41,T1194,AlphaFold2,P98,COMPLETE,17.540106,"{""ngk_refine"": 1}",0.000000,17.540106,2.256474,COMPLETE,0.922818,0.517750,2.763646,-302.373478,true,COMPLETE,true,0.922818,0.517750,2.763646,-302.373547,0.000000,0.000000,-0.000000,0.000069
42,T1194,AlphaFold2,native_NGK,COMPLETE,143.024469,{},0.000000,143.024469,2.251673,COMPLETE,0.967326,0.539402,-3.096136,-309.546992,true,COMPLETE,true,0.922818,0.517750,2.763646,-302.373547,0.044507,0.021652,-5.859782,-7.173445
43,T1194,AlphaFold2,short_NGK,COMPLETE,30.751971,{},0.000000,30.751971,2.250829,COMPLETE,0.978288,0.530101,-4.222726,-315.804996,true,COMPLETE,true,0.922818,0.517750,2.763646,-302.373547,0.055470,0.012352,-6.986373,-13.431449
44,T1194,ESMFold,P95,COMPLETE,259.439258,"{""minimize"": 1, ""ngk_refine"": 1}",0.000000,259.439258,2.237674,COMPLETE,6.224664,1.322135,-3.290679,842.008116,true,COMPLETE,true,6.300060,1.313785,5.377661,1891.943270,-0.075395,0.008350,-8.668339,-1049.935154
45,T1194,ESMFold,P98,COMPLETE,230.955455,"{""minimize"": 1, ""ngk_refine"": 1}",0.000000,230.955455,2.242217,COMPLETE,6.228181,1.321924,-3.242215,842.005801,true,COMPLETE,true,6.300060,1.313785,5.377661,1891.943270,-0.071879,0.008139,-8.619875,-1049.937469
46,T1194,ESMFold,native_NGK,COMPLETE,124.754548,{},0.000000,124.754548,2.237487,COMPLETE,6.265862,1.318604,-0.113516,845.822326,true,COMPLETE,true,6.300060,1.313785,5.377661,1891.943270,-0.034198,0.004819,-5.491177,-1046.120944
47,T1194,ESMFold,short_NGK,COMPLETE,25.750991,{},0.000000,25.750991,2.246550,COMPLETE,6.274685,1.311312,-1.838240,844.890182,true,COMPLETE,true,6.300060,1.313785,5.377661,1891.943270,-0.025375,-0.002472,-7.215901,-1047.053088
